pricing_page_id,site_id,domain,page_renders_last_3_months,unique_visitors,unique_sessions,first_render_date,last_render_date
01JXJE4HENFW7A51F6QP80G4QY,01JXJE4F06ZA8PR453ES4339SH,overtake,369543,127840,154678,2025-08-12 10:03:15.309228 UTC,2025-10-30 08:38:40.145687 UTC
01JNJSG972BKD0ECEXS8NDG3F6,01J73HKDQEFX1VT1EW1YMTXZEF,edarling,205566,56660,114702,2025-08-12 10:03:46.456285 UTC,2025-10-30 08:54:49.426838 UTC
01JQCFKBDWDQW5QMWK7QGKFQTY,01J73HKDQEFX1VT1EW1YMTXZEF,edarling,204666,57275,113647,2025-08-12 10:06:03.375190 UTC,2025-10-30 08:59:41.416956 UTC
01J6YWPQSTCSCHXPRNCYJBBMF2,01GW6RPS058DYDCKR3R96D80VH,readandspell,138579,69163,82210,2025-08-12 10:03:59.692318 UTC,2025-10-30 08:59:49.756529 UTC
01K0V54C4FBEN7SFHG3N3S8H2F,01K06PPJTJ2BGZC43QX160QSTS,petetong-dj-academy,134634,73170,81367,2025-08-12 10:03:28.188318 UTC,2025-10-30 08:59:52.736368 UTC
01JZ3VMZECXZBSXNZSW2PX11H9,01J73HKDQEFX1VT1EW1YMTXZEF,edarling,111836,30566,72557,2025-08-12 10:03:09.767505 UTC,2025-10-30 09:00:10.332364 UTC
01JQCNFG8MSJJMA7Q5NDXJ2JTR,01J73HKDQEFX1VT1EW1YMTXZEF,edarling,107774,38495,61934,2025-08-12 10:03:09.153599 UTC,2025-10-30 08:57:26.503248 UTC
01JMY444GPD8MGMV5TVF94TFR7,01J73HKDQEFX1VT1EW1YMTXZEF,edarling,107251,29537,70410,2025-08-12 10:03:09.967788 UTC,2025-10-30 08:59:30.260048 UTC
01JNJSD477FSEF3AT6EQPRM4TX,01J73HKDQEFX1VT1EW1YMTXZEF,edarling,104242,38002,60371,2025-08-12 10:04:31.507858 UTC,2025-10-30 09:00:01.286266 UTC
01J498F40TNYYP9RAYPJN4MAB1,01GW6RPS058DYDCKR3R96D80VH,readandspell,83242,32803,32649,2025-08-12 12:15:07.550872 UTC,2025-10-30 07:53:06.631243 UTC
01JX9SD623QGD3K1GDJVJZYPGD,01JX9SD3VPF6Y1ZXMG54AZMZGR,novopsych,82275,20899,32408,2025-08-12 10:03:57.690909 UTC,2025-10-30 08:59:00.814947 UTC
01K06P9Y0GFPAVVRZVMY8GN7T5,01K06P9VN7HR2ERJ5WGVGXEWYY,matacademy,78471,42156,50609,2025-08-12 10:03:22.919390 UTC,2025-10-30 08:59:47.625596 UTC
01J7N7KHCKV4G3QXJBN4BK5MH9,01J73HKDQEFX1VT1EW1YMTXZEF,edarling,63391,15676,35377,2025-08-12 10:07:12.161575 UTC,2025-10-30 08:59:53.077205 UTC
01J7JCNZXCZDHNNDMEFB6T02A2,01J7JCNVYMJKFRDY4CM6MB2XRY,legalec,61581,42689,49308,2025-08-12 10:04:05.032450 UTC,2025-10-30 08:57:40.387001 UTC
01K1Z5FQ8MXSG8X4EQ3WF6PQ6W,01J73HKDQEFX1VT1EW1YMTXZEF,edarling,58086,30366,37734,2025-08-25 08:00:11.672301 UTC,2025-10-30 08:48:57.552512 UTC
01JN16JKYNW6T4EHWBQE84XPWP,01J73HKDQEFX1VT1EW1YMTXZEF,edarling,54070,16655,29232,2025-08-12 10:04:33.468036 UTC,2025-10-30 02:20:09.876589 UTC
01JZMJYR1BX24R9ZWZV8SGQMCX,01J73HKDQEFX1VT1EW1YMTXZEF,edarling,42298,21671,28422,2025-08-12 10:06:45.572410 UTC,2025-10-30 08:52:39.863236 UTC
01JNJSDV4BZR5EJQ6HFYCPPZJ1,01J73HKDQEFX1VT1EW1YMTXZEF,edarling,37124,18124,24155,2025-08-12 10:07:02.445302 UTC,2025-10-30 08:40:34.536483 UTC
01JK683RF13VKJFPC9H1WS26RH,01J73HKDQEFX1VT1EW1YMTXZEF,edarling,31340,9397,20869,2025-08-12 10:09:38.175569 UTC,2025-10-30 08:59:54.208117 UTC
01K1V290K7QEKMRES6SDJJ4H51,01JQ46MFYCNPBA84HGXQPGSWGH,hearst,30454,19341,20589,2025-08-12 10:10:27.359545 UTC,2025-10-30 08:28:31.559114 UTC
01K1VB0ZA491PC6FHEZRY4Y154,01JQ46MFYCNPBA84HGXQPGSWGH,hearst,29237,18702,19576,2025-08-12 10:18:47.595371 UTC,2025-10-30 08:53:09.141565 UTC
01JNJSGJZN05ZCGP6Y4KZP2NA6,01J73HKDQEFX1VT1EW1YMTXZEF,edarling,28748,10955,20033,2025-08-12 10:31:38.143236 UTC,2025-10-30 08:23:57.523351 UTC
01JMD388RY1KG698DZRAHSWKQV,01J73HKDQEFX1VT1EW1YMTXZEF,edarling,28334,7988,16749,2025-08-12 10:03:51.314446 UTC,2025-10-30 09:00:09.223632 UTC
01JNJXS8QSRARKKHQARKHJ57J8,01J73HKDQEFX1VT1EW1YMTXZEF,edarling,24353,7414,14587,2025-08-12 10:06:25.603863 UTC,2025-10-30 07:09:31.305693 UTC
01JBZ8NMDZDGWE36S4J61CEW20,01GW6RPS058DYDCKR3R96D80VH,readandspell,21410,11713,13219,2025-08-12 10:33:40.183371 UTC,2025-10-30 08:25:51.198516 UTC
01JE8DHCQSETYE7W91JN3AX0NE,01JE8CS50V5CEDS62J1NYFCEZP,lablit,20461,17108,17956,2025-08-12 10:13:25.166952 UTC,2025-10-30 08:53:16.192829 UTC
01JY4B6WE75SCJPXB2FKF0CB35,01JN3D4YZ5M196C24A9BX2Y8G9,dswiss,19562,9714,11593,2025-08-12 10:05:13.300352 UTC,2025-10-30 08:48:23.748475 UTC
01JSKYF0JB2VDCDD9FG25T7JBY,01JSKYEZF9D06BSP9MKVCAF7FE,leafwell,18572,6317,7111,2025-08-12 11:20:56.757483 UTC,2025-10-30 08:48:38.577435 UTC
01JMY41SDC29D487E253MT0348,01J73HKDQEFX1VT1EW1YMTXZEF,edarling,18246,6708,10987,2025-08-12 10:20:02.930674 UTC,2025-10-30 07:58:51.222593 UTC
01JV29H41R08R543G2EAX49F0P,01J73HKDQEFX1VT1EW1YMTXZEF,edarling,17492,6573,10467,2025-08-12 10:47:16.744239 UTC,2025-10-30 08:44:54.838219 UTC
01K39D2F5THX8P7A62RVG6R2NP,01J73HKDQEFX1VT1EW1YMTXZEF,edarling,17406,5785,9402,2025-08-22 17:51:16.645800 UTC,2025-10-27 13:39:17.372671 UTC
01JSZ1130931D3QYQG62YW8FV2,01J6W9PVYY85NG014GDWWNGKMS,powerusersoftwares,17369,8984,12734,2025-08-12 10:04:12.217471 UTC,2025-10-30 08:58:52.414803 UTC
01JMY47ZMEBBDAR8GPT4HZMS2P,01J73HKDQEFX1VT1EW1YMTXZEF,edarling,17176,4939,10598,2025-08-12 10:07:04.230368 UTC,2025-10-30 08:44:51.010403 UTC
01JK687BQ5MT1QGSZJSXNARZ5D,01J73HKDQEFX1VT1EW1YMTXZEF,edarling,16636,5982,10942,2025-08-12 10:54:16.287282 UTC,2025-10-30 08:59:01.648553 UTC
01JY4BH43Q6QJNFSHXSB02E25F,01JN3D4YZ5M196C24A9BX2Y8G9,dswiss,15961,9874,11754,2025-08-12 10:05:13.342618 UTC,2025-10-30 08:43:59.382724 UTC
01JMY42K14BVGWTMSD3QAS4PER,01J73HKDQEFX1VT1EW1YMTXZEF,edarling,15512,5176,10349,2025-08-12 10:08:24.981132 UTC,2025-10-30 08:57:10.065614 UTC
01JY4BGQK5KSZFJ1SQN639J03P,01JN3D4YZ5M196C24A9BX2Y8G9,dswiss,15116,9678,11546,2025-08-12 10:05:13.408105 UTC,2025-10-30 08:43:59.567357 UTC
01JN3D509XBNEVVWJWBQJS6EB9,01JN3D4YZ5M196C24A9BX2Y8G9,dswiss,15058,9695,11583,2025-08-12 10:05:13.366466 UTC,2025-10-30 08:48:23.664122 UTC
01J6HCEQ6TYH2ECEG238EQDT64,01J66Z3KZHN5Z28780PZZKBK8F,feelme,14795,10419,11326,2025-08-12 10:03:42.750250 UTC,2025-10-30 08:58:47.069263 UTC
01JY4B75R8FWGEF07QPH9VBFEG,01JN3D4YZ5M196C24A9BX2Y8G9,dswiss,14631,9710,11599,2025-08-12 10:05:13.399162 UTC,2025-10-30 08:48:23.695862 UTC
01JY4B7F9E79HQ1MYRH3QG936N,01JN3D4YZ5M196C24A9BX2Y8G9,dswiss,14427,9737,11622,2025-08-12 10:05:13.314413 UTC,2025-10-30 08:48:23.423505 UTC
01JY4B8B698M6FYZYW6RK3XBDH,01JN3D4YZ5M196C24A9BX2Y8G9,dswiss,14418,9665,11541,2025-08-12 10:05:13.305247 UTC,2025-10-30 08:43:59.658929 UTC
01JY4BHD0M9NA8Y6EN218DS1AR,01JN3D4YZ5M196C24A9BX2Y8G9,dswiss,14400,9681,11552,2025-08-12 10:05:13.382769 UTC,2025-10-30 08:43:59.905182 UTC
01JMY48HJSPSQ67EC3MPJ3SNXK,01J73HKDQEFX1VT1EW1YMTXZEF,edarling,14016,3708,8419,2025-08-12 10:14:53.653171 UTC,2025-10-30 09:00:09.131120 UTC
01K1ED5H9N67T5AW1BAVBR6ADD,01JQ46MFYCNPBA84HGXQPGSWGH,hearst,12486,9109,9390,2025-08-12 10:15:15.016632 UTC,2025-10-28 14:03:24.052145 UTC
01JNJXWJ2PCF15821ZF8MGQWNM,01J73HKDQEFX1VT1EW1YMTXZEF,edarling,12395,3495,7736,2025-08-12 10:35:30.542829 UTC,2025-10-30 08:33:04.668648 UTC
01JMD4QZK4Z7TE5HDE4W633SND,01J73HKDQEFX1VT1EW1YMTXZEF,edarling,12356,3575,8197,2025-08-12 10:16:14.008586 UTC,2025-10-30 07:59:27.942189 UTC
01K587KJRBDKFYEPZ449YH1ZKC,01K587KHZPVR9SQNYV7ZX69NED,nomad-internet,11831,3171,6418,2025-09-16 03:04:18.292318 UTC,2025-10-30 02:33:36.579806 UTC
01K0Q2D0D2EQCAY920BA4AB7VE,01JQ46MFYCNPBA84HGXQPGSWGH,hearst,10803,7024,7444,2025-08-12 10:46:58.315391 UTC,2025-10-30 01:27:04.944102 UTC
01K0PSRNWRXPHR4V1C41B11KQW,01JQ46MFYCNPBA84HGXQPGSWGH,hearst,10752,7172,7578,2025-08-12 10:34:48.452765 UTC,2025-10-30 08:00:21.664943 UTC
01JK68G7YYPCWD8P9FNB7WX6SC,01J73HKDQEFX1VT1EW1YMTXZEF,edarling,10724,2035,6701,2025-08-12 11:03:33.546190 UTC,2025-10-30 08:50:12.090570 UTC
01K0WDN8X5FQWPYZGFK35XBDDS,01JQ46MFYCNPBA84HGXQPGSWGH,hearst,10236,7857,8381,2025-08-12 10:27:20.601420 UTC,2025-10-30 08:57:04.329972 UTC
01JMY4398NKJCVNHMH6YEEJ2M0,01J73HKDQEFX1VT1EW1YMTXZEF,edarling,9125,2380,5278,2025-08-12 10:10:06.380087 UTC,2025-10-30 08:47:19.975695 UTC
01JMD354ZGSYDHJ0RBMPJSAYMB,01J73HKDQEFX1VT1EW1YMTXZEF,edarling,8739,3190,6038,2025-08-12 10:34:04.229613 UTC,2025-10-30 04:38:46.131310 UTC
01JK68DF5FYN9J39T2QDYKV0P6,01J73HKDQEFX1VT1EW1YMTXZEF,edarling,8546,2475,5303,2025-08-12 10:50:36.337212 UTC,2025-10-30 08:53:16.619864 UTC
01K2FSYP6H7MGATMBE39AS4C4B,01JQ46MFYCNPBA84HGXQPGSWGH,hearst,7866,6482,6867,2025-08-12 19:09:38.737785 UTC,2025-10-30 08:37:08.780027 UTC
01JMY428Y0EZRRWMKAW6X7YAX5,01J73HKDQEFX1VT1EW1YMTXZEF,edarling,7488,2236,4795,2025-08-12 10:05:12.408353 UTC,2025-10-30 08:58:56.771088 UTC
01K2PS7QXX0BFASKAX0WV9GQZJ,01GW6RPS058DYDCKR3R96D80VH,readandspell,7090,3719,4090,2025-08-15 13:50:40.032766 UTC,2025-10-28 21:45:57.102678 UTC
01H4GYJFFKKVVX73790SJW4FT1,01H4GYC0EAR92P9E70SAP2CN0S,tallyfor,6870,6449,6577,2025-08-12 17:20:50.716516 UTC,2025-10-29 22:42:07.633881 UTC
01JTGZAZJX30TBKCMZ1D8T4HD1,01JD2V7AZHDEN49VJ6TQA8XPHR,therapybrands,6644,1314,1986,2025-08-12 11:45:52.283074 UTC,2025-10-30 08:36:45.956705 UTC
01JH3JJ35MJT7EJS5F7ZQ12AM9,01J67K4H922DMJZA7PQN22RRJV,spedijobs,6577,5275,6236,2025-08-12 10:06:58.355646 UTC,2025-10-30 08:55:46.522284 UTC
01JMY47PPG70ARA35SSXW4PPMP,01J73HKDQEFX1VT1EW1YMTXZEF,edarling,6570,1932,3989,2025-08-12 10:35:20.441459 UTC,2025-10-30 07:59:38.529055 UTC
01JMD33C7SKDNABZ05PQJ5WH2Z,01J73HKDQEFX1VT1EW1YMTXZEF,edarling,6334,1930,4079,2025-08-12 10:34:21.835740 UTC,2025-10-30 08:03:08.228462 UTC
01JJRYMRX1BNEF0FV21Q8GCX2F,01JJRYMKYFHNSM0XGPC6WH1ET5,papershift-billing,6329,3100,3715,2025-08-12 10:13:57.386664 UTC,2025-10-30 08:41:22.968031 UTC
01K1V7WZRTF378KRKTKH2QP79S,01JQ46MFYCNPBA84HGXQPGSWGH,hearst,6249,4669,4878,2025-08-12 10:20:03.481180 UTC,2025-09-23 18:00:30.848490 UTC
01K0V58YFM4WEJ8G55DN9K19G5,01K06PPJTJ2BGZC43QX160QSTS,petetong-dj-academy,5944,3383,4015,2025-08-12 10:58:52.232397 UTC,2025-10-30 05:16:27.794652 UTC
01K6GF2RMQS1PVNJZZ7MW1N9SZ,01K587KHZPVR9SQNYV7ZX69NED,nomad-internet,5813,1201,2346,2025-10-01 18:30:20.285718 UTC,2025-10-30 08:49:03.561165 UTC
01K3PM1KRB03BY1Q016JJD9KT2,01JQ46MFYCNPBA84HGXQPGSWGH,hearst,5804,4590,4979,2025-08-28 15:10:36.116831 UTC,2025-10-30 07:37:11.345633 UTC
01JMD3D8HTPSGXF4QA8B5DJF87,01J73HKDQEFX1VT1EW1YMTXZEF,edarling,5321,1590,3457,2025-08-12 10:26:04.652404 UTC,2025-10-30 07:03:38.025725 UTC
01JA5TEN7AT3SXXWQA9VX6MWVD,01GW6RPS058DYDCKR3R96D80VH,readandspell,5239,2331,2826,2025-08-12 12:13:32.433377 UTC,2025-10-30 08:30:56.396150 UTC
01JQ46MJ11RESWCS1W7QJ8NVGH,01JQ46MFYCNPBA84HGXQPGSWGH,hearst,4815,3994,4104,2025-08-12 10:24:09.968378 UTC,2025-10-30 08:02:33.701066 UTC
01JMY488AYRV20B5HR3908AWY7,01J73HKDQEFX1VT1EW1YMTXZEF,edarling,4573,1285,2863,2025-08-12 12:05:16.925513 UTC,2025-10-30 07:49:59.273222 UTC
01JCJV27H8MQFNRZ8V38VT1HMT,01GW6RPS058DYDCKR3R96D80VH,readandspell,4545,1721,2163,2025-08-12 10:15:24.934541 UTC,2025-10-30 04:26:36.052805 UTC
01JMY44PYGVV2N6ABP5V6QJVPC,01J73HKDQEFX1VT1EW1YMTXZEF,edarling,4018,1108,2260,2025-08-12 12:22:47.993827 UTC,2025-10-30 08:55:01.289953 UTC
01J5BJKPH7BE7FD5MW48A95Y0W,01J30MMV6A15XCX4FN6NCPKT42,lendingwise,3910,1604,2025,2025-08-12 12:48:32.829708 UTC,2025-10-30 08:35:26.036233 UTC
01HMKZ7R8WRDAPQ1YP6FZ2X3HC,01HFD476APGVEE7SRH9KWTWNJN,realsavvy,3723,2570,3002,2025-08-12 11:30:12.770258 UTC,2025-10-30 08:27:22.151574 UTC
01K0VPNVT92N9MW56HVRB4PCMB,01K06P9VN7HR2ERJ5WGVGXEWYY,matacademy,3699,2225,2710,2025-08-12 10:04:06.077357 UTC,2025-10-30 08:57:54.551408 UTC
01K23HB9G7G5ZDVKCQJK2MVC5F,01K23HB8M9DG544ZQ6F4AZVQ7Z,chmdonations,3418,1282,1996,2025-08-12 14:39:14.816151 UTC,2025-10-30 02:25:25.611370 UTC
01K0S49A1KR14NR5PZQSHT05C8,01K06PPJTJ2BGZC43QX160QSTS,petetong-dj-academy,3351,1184,1480,2025-08-12 10:06:03.009069 UTC,2025-10-19 20:09:41.137636 UTC
01HZEXKQX8YBBKFQ9VRYH1BPKK,01HRT303GJPGN8TCYK5EAR9SNT,theincreasemethod,3177,2453,2982,2025-08-12 12:00:22.418000 UTC,2025-10-29 22:40:58.699949 UTC
01JPTRZ5WCHH9YSH75112GBF63,01HRT303GJPGN8TCYK5EAR9SNT,theincreasemethod,3109,2382,2897,2025-08-12 12:00:22.477733 UTC,2025-10-29 22:40:59.092128 UTC
01JMY45NYV9G3K508X8SCED68B,01J73HKDQEFX1VT1EW1YMTXZEF,edarling,3085,923,2039,2025-08-12 10:22:44.072837 UTC,2025-10-30 05:54:47.084761 UTC
01JMY456A1R8323HGTYPEVMJCM,01J73HKDQEFX1VT1EW1YMTXZEF,edarling,2982,1255,2004,2025-08-12 11:06:37.761938 UTC,2025-10-30 08:49:02.948846 UTC
01JK68ETNHT4VXXXYF6T8EKZY9,01J73HKDQEFX1VT1EW1YMTXZEF,edarling,2857,897,1885,2025-08-12 11:17:41.705125 UTC,2025-10-30 08:57:56.328392 UTC
01H7GB8WXR150SV927KF5KEDGR,01H7G9SRVCWABQ2KG2P615X5J7,sharemyimage,2805,1719,2272,2025-08-12 10:37:45.429190 UTC,2025-10-30 08:36:34.478240 UTC
01JDMJVVDBAS5CGWC700J6JDZJ,01JDMJVP87SX0SGQXG60RREAPC,xdinnovation-fr,2798,1562,1679,2025-08-12 10:34:54.629146 UTC,2025-10-29 21:04:15.785610 UTC
01JWB2R7S5BAYRPY7A0KE1V4ER,01J73HKDQEFX1VT1EW1YMTXZEF,edarling,2790,1301,1639,2025-08-12 11:35:39.850725 UTC,2025-10-30 07:53:18.702923 UTC
01JZN80D9H3FWF0WP4T2V0MTBQ,01JQ46MFYCNPBA84HGXQPGSWGH,hearst,2579,1943,2002,2025-08-12 10:11:30.630489 UTC,2025-10-22 18:17:50.390717 UTC
01JT3MT75HZTNYNXREQECAYV9F,01JT3JQ9P1DRWZ6AM0G148KKZS,bombbomb,2522,581,719,2025-08-12 10:12:12.190316 UTC,2025-10-01 14:38:39.813085 UTC
01JPJBD2FBE28Y4XFJ2JRVD7C7,01JN3D4YZ5M196C24A9BX2Y8G9,dswiss,2398,605,824,2025-08-12 12:53:07.425705 UTC,2025-10-30 07:41:01.435513 UTC
01JWSNSRA5MWF5HKFK8TR5W0R9,01JWSNSJVBNX7P1830KQA88W14,cuttable,2365,372,741,2025-08-12 23:55:12.813875 UTC,2025-10-09 23:15:12.425342 UTC
01JXJK6VFPE98KT85CB9825QT1,01JFQFMJA68DC6C9PVNX5EVHXY,pavilion,2358,835,957,2025-08-12 12:54:22.636114 UTC,2025-10-30 05:47:41.733396 UTC
01JV9A8F58XVGXB6PMT77BG40T,01J3YPVSBZS0T1KAYCTPTVT2WV,poultrycare,2309,1052,1224,2025-08-12 11:48:42.199313 UTC,2025-10-30 08:56:59.507526 UTC
01JMY47CTBVQTHEGWM9YD89M3D,01J73HKDQEFX1VT1EW1YMTXZEF,edarling,2246,600,1236,2025-08-12 11:07:55.554770 UTC,2025-10-29 23:01:05.155622 UTC
01JT65PTT31NCQ2Y611TTZWQJX,01GW6RPS058DYDCKR3R96D80VH,readandspell,2198,1358,1385,2025-08-12 10:17:53.259432 UTC,2025-10-30 04:50:22.791940 UTC
01JXAMZ33DYE5W484Q0K4GVGE8,01JFQFMJA68DC6C9PVNX5EVHXY,pavilion,2137,700,779,2025-08-12 12:06:32.864796 UTC,2025-10-29 19:58:24.626828 UTC
01HP4WPC278RYFWANWH1VF1C5R,01HP4WPAYGKC6EC6MEK8A3T55A,codelock,2121,1702,1974,2025-08-12 12:07:07.020724 UTC,2025-10-30 06:55:47.302449 UTC
01JSYSWGME4AHPZK1BKH9MEWEQ,01JQ46MFYCNPBA84HGXQPGSWGH,hearst,2109,1684,1743,2025-08-12 10:19:56.745566 UTC,2025-09-29 21:20:52.808815 UTC
01JR17DT1MNT1TACE4RHN67AVW,01JR17DS165EM15T4V687J9E23,superreply,1990,315,580,2025-08-12 10:14:45.706138 UTC,2025-10-29 17:25:31.312852 UTC
01J6XWRC3095SWGWJR171ENHHN,01J6XWRAG48DNDRK5AMWDT0M2J,redhealth911,1953,1083,1338,2025-08-12 10:32:22.715275 UTC,2025-10-30 08:57:28.047856 UTC
01JDTGH6NRM4MPP2G9MGG4FDQF,01GW6RPS058DYDCKR3R96D80VH,readandspell,1936,1113,1116,2025-08-12 12:00:08.042490 UTC,2025-10-29 21:50:13.509056 UTC
01J9SHP102WEAZ2AK69EN9EQD5,01GW6RPS058DYDCKR3R96D80VH,readandspell,1875,862,927,2025-08-12 10:18:29.774213 UTC,2025-10-29 21:29:24.852488 UTC
01JEG86D5296RY78W2XFFC4PM3,01JEG86C25TX3XW05EEZ7G5E49,finaticalsoftware,1875,1103,1377,2025-08-12 10:12:57.282244 UTC,2025-10-30 08:40:35.036922 UTC
01H1851HSXKAMRM720N9E3SWNV,01H1851GKFCVFWX8E3835XWDMG,sunwise,1775,963,1294,2025-08-12 12:30:37.338668 UTC,2025-10-30 05:22:46.268932 UTC
01J95DA0S428Y23EJX80HDQ3G5,01J59YKE08XAX463DMGASA1PNZ,limespot,1679,740,830,2025-08-12 10:33:01.120070 UTC,2025-10-30 00:50:10.093909 UTC
01JNM0VG506JZF9R5KKY3VGGXP,01J59YKE08XAX463DMGASA1PNZ,limespot,1647,1138,1358,2025-08-12 11:38:25.120397 UTC,2025-10-30 06:04:04.616766 UTC
01K0BR5Y16PS881M752FVGEE4D,01K06P9VN7HR2ERJ5WGVGXEWYY,matacademy,1579,657,987,2025-08-12 10:51:45.017923 UTC,2025-10-30 08:31:45.477050 UTC
01JNM0G3Y28DBGRT1AV5GNBD9Y,01J59YKE08XAX463DMGASA1PNZ,limespot,1476,1029,1234,2025-08-12 11:38:25.116641 UTC,2025-10-30 06:04:04.600235 UTC
01HZHKJNGQ4VZC9HAZR4H5WSZ8,01HZHKJN2E9012N9V6SBN359ME,5day,1435,636,826,2025-08-12 10:50:28.416809 UTC,2025-10-30 08:42:46.596991 UTC
01JR9KCNRDCSKQ2141V1VR8G99,01JR9KCGKW93VMN3YXX2SNDE00,opensolar,1423,141,495,2025-08-12 12:43:09.531454 UTC,2025-10-30 07:08:06.311945 UTC
01K4P7MKK754X03KNT7ZCQCNY6,01K4P7MK6031D6ENC45KVZTH9Q,stepupprojects,1376,58,132,2025-09-09 03:18:34.358533 UTC,2025-10-28 23:05:46.117957 UTC
01JY0QBVQ21EAXN0NDW9AHZ4JZ,01JY0QBSTVKKDN7GYTAWA70TPB,lanzcape,1311,930,1024,2025-08-12 10:33:02.718815 UTC,2025-10-10 05:36:40.469250 UTC
01JV85MQ4X6HQG8KDQRRXGY8QH,01JT6FHPGEKCC5JZCE8SS1R0C3,matchmaking,1304,1008,1060,2025-08-12 22:07:50.369485 UTC,2025-10-30 06:54:30.007374 UTC
01K5VBX4NFTE79RDVJRB434635,01JA7CTKR153HFDDBP4RJW3RHF,getorganaise,1274,68,157,2025-09-23 14:05:42.244600 UTC,2025-10-28 22:04:03.832121 UTC
01JQ92T61A0KG2F2544TTV9FS0,01JJRYMKYFHNSM0XGPC6WH1ET5,papershift-billing,1261,808,1092,2025-08-12 10:30:15.486407 UTC,2025-10-30 06:11:25.610216 UTC
01JT127NT0DQQH4WQEZTREPP3Y,01JQ46MFYCNPBA84HGXQPGSWGH,hearst,1236,912,931,2025-08-12 10:30:25.399913 UTC,2025-09-19 16:08:48.460832 UTC
01K5K8M364T0Y39KV1E2RDMBDP,01K587KHZPVR9SQNYV7ZX69NED,nomad-internet,1194,601,865,2025-09-20 10:14:01.028781 UTC,2025-10-30 05:46:08.770241 UTC
01JAYVWX7BSSV2JGVADPXKM73D,01JAYVWVJM5VWW2VF641MER1AR,agilio-veterinary-individual-gb,1182,415,682,2025-08-12 14:15:49.040972 UTC,2025-10-29 13:43:52.458405 UTC
01J7KER9Y9TT2PRMCCNMS5QR78,01J30MMV6A15XCX4FN6NCPKT42,lendingwise,1136,724,1032,2025-08-12 12:25:19.347477 UTC,2025-10-30 08:27:49.372870 UTC
01JT13571ZFZVY8MKZ7HV2E3RC,01JQ46MFYCNPBA84HGXQPGSWGH,hearst,1134,600,696,2025-08-12 10:05:41.481512 UTC,2025-10-30 06:29:37.233230 UTC
01JKGHTWC41PXZ510R6P431J1X,01JKGHPMC3KGY69DTW5M2TWPVF,hearst-e2etesting,1116,215,323,2025-08-12 11:36:01.727444 UTC,2025-10-23 13:21:27.725582 UTC
01K6K24ZH230BW6Q9C3QS3VCX5,01K587KHZPVR9SQNYV7ZX69NED,nomad-internet,1089,551,639,2025-10-02 19:54:16.629999 UTC,2025-10-30 06:23:39.498810 UTC
01JN66YVFSYQTEFCRM0J30KJJ5,01JJRYMKYFHNSM0XGPC6WH1ET5,papershift-billing,1047,647,697,2025-08-12 11:54:52.223080 UTC,2025-10-30 04:16:10.564218 UTC
01JHV56G7MHDEJ26BYP6TKMNGE,01JHV56E5AVF3NHSBG7ZQ5P92G,flourishsoftware,1027,698,703,2025-08-12 10:05:02.859483 UTC,2025-10-30 05:29:08.926239 UTC
01JQJQ7F0WCGA1H0YCMVSDJBT6,01JQJQ796WHPF8JMFVZKH38ET7,numerikau-test,1012,493,721,2025-09-17 07:44:32.893275 UTC,2025-10-30 08:00:11.520467 UTC
01JMD392DEJX7Q6A1N6CK6EKRS,01J73HKDQEFX1VT1EW1YMTXZEF,edarling,918,270,588,2025-08-12 19:14:02.722114 UTC,2025-10-30 08:24:34.996763 UTC
01JSZ0YJ8RKBXXDDKS3ZDZYMFK,01J6W9PVYY85NG014GDWWNGKMS,powerusersoftwares,910,600,662,2025-08-12 11:57:00.229805 UTC,2025-10-30 08:12:58.461049 UTC
01JMY46N87BXX7SF70V4R64GG3,01J73HKDQEFX1VT1EW1YMTXZEF,edarling,887,353,621,2025-08-12 18:34:43.620522 UTC,2025-10-30 04:31:12.694159 UTC
01JGP31082769H74M2DM6CDYP3,01JGNW8RE4SCH1SEX8G9HD3327,thesystemaus,864,305,415,2025-08-12 11:18:20.764766 UTC,2025-10-30 07:31:09.587639 UTC
01K32DCXJ43VN1EQXJX1P429JE,01K32D4QWRW8NFP7G4GFSPB18A,portier,853,621,721,2025-08-20 01:20:19.635662 UTC,2025-10-30 08:45:59.683879 UTC
01K2Z31NWERVZXAT6NBK3588RA,01K2Z31J9H60FMSH92QXMHVPSR,hearst-e2etesting,852,22,144,2025-08-18 21:21:57.367327 UTC,2025-10-13 16:53:03.824172 UTC
01K0BXYC8D8XJWS5QBHSW6WY6Q,01K0BXHEP44QW6MAP80SN5R2J1,tryterrapin-test,851,138,368,2025-08-12 16:02:37.419550 UTC,2025-09-15 09:57:04.509135 UTC
01J4GSQHB32KAZWM50JFTMDCRG,01J3YPVSBZS0T1KAYCTPTVT2WV,poultrycare,841,413,455,2025-08-12 12:25:01.559426 UTC,2025-10-30 06:05:48.186255 UTC
01JPP4JGNA1AMWVZKC1G3SATZD,01JDJMN458EG0RGJ4K9WZGXKBA,numerikau-test,839,50,97,2025-08-13 07:21:15.497677 UTC,2025-10-16 08:58:40.085502 UTC
01JX9FX5VZBQ5REMJV74VXQ2K2,01JX9FX4Q7P97BBRMY29RWP401,novopsych-test,833,176,234,2025-08-12 13:11:59.675531 UTC,2025-10-30 00:18:27.497577 UTC
01K075G1HX4QM2EE4WSGQPVY2X,01K075FX4QBAQZS7BW46JK9BQ6,contractbookbilling-eu,823,326,397,2025-08-12 11:12:15.948504 UTC,2025-10-30 07:41:25.405704 UTC
01K11BHNY678FZAV8AKGB9BNKM,01JRFZM1MSSFBYTDWNHAH36W3W,cirasync,813,132,195,2025-08-13 16:20:27.979696 UTC,2025-10-29 14:11:57.806180 UTC
01K1Z5GHETCK75B2FFJC25TB3D,01J73HNSXN7GNC199VDB591D8N,edarling-test,808,72,143,2025-08-12 12:05:06.963035 UTC,2025-10-28 16:26:53.442905 UTC
01JRJCSK47AVWYBGDVMHFTC1MW,01J73HNSXN7GNC199VDB591D8N,edarling-test,806,83,122,2025-08-13 08:43:23.987649 UTC,2025-10-30 08:24:15.112397 UTC
01JZNDVKPKF3N0ZQMZ60JRNY4C,01JZNDVGPX6XXJ2G0G591K7D85,meisterwerk-app-test,714,12,57,2025-08-12 11:25:43.337141 UTC,2025-10-27 14:42:56.307689 UTC
01J4HCHQG9CF38QBXS24TW1KD5,01J4HCHPD7HVK4C6T2TZF00E8T,cbonlineexperience-test,697,661,659,2025-08-12 21:27:54.322442 UTC,2025-10-30 06:23:30.162451 UTC
01K0567ZGT2H9QTXNS1A3TAR4V,01JQ46MFYCNPBA84HGXQPGSWGH,hearst,691,506,529,2025-08-12 13:53:39.624685 UTC,2025-10-30 05:34:48.802776 UTC
01JKTJNQTNNDZ9SKRCYBYHP0YG,01JKTJNN517KN4D05DZ68VV3V9,planhopper,679,177,293,2025-08-12 10:52:45.032560 UTC,2025-10-30 07:21:13.431707 UTC
01HV01GYT0KHD4Q0CW10FMV5EG,01HV01GXZV316VYQ48HZ2H21NH,indiegraf,678,461,558,2025-08-12 10:25:07.212512 UTC,2025-10-30 02:03:31.076846 UTC
01JNWB15SQDCCCMVQ6QNEG67DB,01JNWB102P4Z01RDJK3MWD4PS5,wolfiqportal,671,282,404,2025-08-12 11:22:41.248315 UTC,2025-10-30 08:32:47.605038 UTC
01JMD3JACAHKYAXSM80QN1N7Y3,01J73HKDQEFX1VT1EW1YMTXZEF,edarling,669,289,473,2025-08-12 11:38:27.532041 UTC,2025-10-29 14:40:53.242827 UTC
01JMY4706XJVXQGZPD8HX8C2V1,01J73HKDQEFX1VT1EW1YMTXZEF,edarling,666,244,452,2025-08-12 11:01:38.472110 UTC,2025-10-30 03:49:55.530755 UTC
01JXJK87VXPJMS9M7SHBQXV03W,01JFQFMJA68DC6C9PVNX5EVHXY,pavilion,646,227,254,2025-08-13 07:08:37.717550 UTC,2025-10-29 15:12:29.735994 UTC
01J0R8M2769ZRMPD7P1PYQCZAV,01HYGSNXZDD78RT9W0GM9EJZW3,viededingue,644,276,351,2025-08-12 11:33:50.531918 UTC,2025-10-30 07:48:25.892211 UTC
01K4B305GEQJ5HRF4X9FJG9STS,01K4B1Y65APA2N7P8NFK1ZW821,pinata-magazine,634,229,346,2025-09-04 19:29:54.746067 UTC,2025-10-26 22:05:57.722686 UTC
01K0YPC957VVWY71N04894XM7J,01K0YPC68RVQ4JF8XPBEH8KFBD,blastgroup,632,91,228,2025-08-26 16:59:01.072055 UTC,2025-10-29 17:31:02.297639 UTC
01JC3D4E79S9A4VRBNNZV8AS4M,01JC3BBK0PGNCZ0GTXVPRNG6E6,blinkuk,629,155,271,2025-08-12 11:41:18.697109 UTC,2025-10-30 08:31:02.583381 UTC
01J4GDBYQF8SGY31E44R0NH7HE,01J3YPVSBZS0T1KAYCTPTVT2WV,poultrycare,610,336,354,2025-08-12 11:44:47.829686 UTC,2025-10-30 08:33:15.070305 UTC
01JQ3HYFW4PTXCCX424N5PWFA1,01JQ3HYD4ARZSGHHGPPYRPH4ND,ecochain-test,603,205,227,2025-08-12 11:23:06.096072 UTC,2025-10-29 13:06:34.427727 UTC
01K460DMF01HN9QQMCK1A5DZPS,01K460DK5H2GZQR7VRZXW6A3QN,grupoam-test,588,7,31,2025-09-02 23:16:20.627565 UTC,2025-10-28 18:50:30.144133 UTC
01J03ZG2T2BDWZ8PZB5RE2AJJW,01J03ZG275JGK63XAFNKC1NQTJ,opticos-test,583,418,455,2025-08-12 10:51:46.943277 UTC,2025-10-30 04:28:00.337875 UTC
01JTN2C3X7P2TJEAYV8264FCAX,01JTN2C1YB0QFZ9RHNPPXDGW44,unconnected-philippines,583,179,348,2025-08-12 10:15:31.160875 UTC,2025-10-24 03:28:17.411975 UTC
01JXJKA91VM8GM13Y9B5768ZM2,01JFQFMJA68DC6C9PVNX5EVHXY,pavilion,568,194,219,2025-08-12 13:29:54.723180 UTC,2025-10-30 08:40:23.414944 UTC
01JMMCXS7C1CDTH250JFF8CECM,01JKTTW6XTX5VH54XGNMYKD7XW,therapybrands-dev-test,568,28,87,2025-08-13 08:32:52.400991 UTC,2025-10-28 16:55:54.190281 UTC
01JMDR0FC1F11DFDQWQ1X6HSGQ,01J73HKDQEFX1VT1EW1YMTXZEF,edarling,566,170,357,2025-08-12 14:21:03.152487 UTC,2025-10-30 05:27:41.992023 UTC
01JXJJWJHZBT05VNA29VRRP630,01JFQFMJA68DC6C9PVNX5EVHXY,pavilion,551,172,196,2025-08-12 10:17:33.474346 UTC,2025-10-29 20:13:50.093160 UTC
01HVKDMBMD8KCW2WK1HWEEZ75R,01HVKDM767RHAX7BD1E0JPMYW4,leguidenoir,540,389,401,2025-08-12 12:12:13.332527 UTC,2025-10-30 08:25:55.904014 UTC
01JD30AQPCGAT16MWHXDNGHHPQ,01JD2V7AZHDEN49VJ6TQA8XPHR,therapybrands,534,111,176,2025-08-12 15:53:21.476890 UTC,2025-10-24 16:01:51.024202 UTC
01JASNM10XKSWXYK9S75E6N3SY,01J7G5NCJBVSTSBEBKDAHN03PA,test3019-test,532,18,39,2025-08-26 07:08:04.630263 UTC,2025-10-28 06:50:57.903986 UTC
01JQM0YX5Q5412JP0CEPZBXH57,01JKTTW6XTX5VH54XGNMYKD7XW,therapybrands-dev-test,530,3,51,2025-08-13 22:27:25.660477 UTC,2025-10-13 17:08:36.271051 UTC
01JW5QTTEZEA5JVV3D89J7608F,01JW5QTSHJPJFMBFPTV5P1P7BP,postqode-test,524,26,53,2025-09-29 07:06:59.246097 UTC,2025-10-06 04:43:58.158968 UTC
01K35X0GRB6S205KPVG7TVRMQ3,01K35X0DXF3TMYARY9ZTBTNM9W,lcdp-test,518,13,65,2025-09-26 14:05:12.390302 UTC,2025-10-29 16:50:23.103910 UTC
01JVW15YJDKKBCAD243121K81Z,01JVW15X8WHPN2JGDATQH8D2F1,scan2form,516,134,237,2025-08-12 17:55:48.413233 UTC,2025-10-29 16:16:04.534244 UTC
01JVQH31F9MXYPD1JR0BAXRN39,01JVQH30KNQFECKZGTXPXNCYXW,apollomedflight,512,89,172,2025-08-13 18:34:50.498177 UTC,2025-10-29 23:54:41.221388 UTC
01K1YGJKHPZYKXV02R4BJ48Z8V,01K1YGJJ500M7Z8DGQHYHTEGBS,crestico,511,182,212,2025-08-12 22:24:48.548523 UTC,2025-10-29 20:25:57.498984 UTC
01HEJJGKAT0M9CK1VY5XH0NAFG,01HEJJGJGHG1WW64GK7FG5BJB7,boss-insights,506,396,400,2025-08-12 19:04:32.010750 UTC,2025-10-30 06:51:01.391988 UTC
01K6SFDSCE8H78HDH1VBV8FT1N,01K6SFDRP00F969984NMJNAX7H,meadowtech,499,336,398,2025-10-05 06:08:14.144783 UTC,2025-10-30 08:03:33.460086 UTC
01JJD94BKFZ1BCFB98V4V94W02,01J30MMV6A15XCX4FN6NCPKT42,lendingwise,483,142,153,2025-08-12 17:05:16.246034 UTC,2025-10-29 18:50:27.665287 UTC
01K5Y62K3QY368A3HQY31VM2ZT,01JRFZM1MSSFBYTDWNHAH36W3W,cirasync,479,71,140,2025-09-24 15:42:55.198856 UTC,2025-10-30 07:22:55.138485 UTC
01JN69MNBCN63QBVDG32Z3JQF4,01JN6834T2VN0MBHT59KQ3PMC0,leafwell-test,477,126,165,2025-08-12 16:51:19.293318 UTC,2025-10-29 09:16:47.098856 UTC
01JY35ZVGSSAWGY4369SMEN6DX,01JR9KCGKW93VMN3YXX2SNDE00,opensolar,477,71,297,2025-08-13 15:20:42.491855 UTC,2025-10-30 08:08:11.434698 UTC
01JXDWG6RNAWNSQSS95N8FK1S0,01JFQFMJA68DC6C9PVNX5EVHXY,pavilion,458,132,156,2025-08-12 10:06:48.316871 UTC,2025-10-29 17:19:11.569634 UTC
01JEW4NFH1C8SF4BXB4EWAWDD1,01HJSVWG424XJ16FDQJE2ES3XR,quantdirection,452,262,292,2025-08-12 18:38:45.565244 UTC,2025-10-29 00:35:54.328796 UTC
01JT3VC98RHMN2VRCQCAVHEPVM,01JT3VC8CMR0BGT09BG27KZBZD,viberetail,451,61,122,2025-08-12 14:41:07.284803 UTC,2025-10-27 22:25:17.186600 UTC
01JV7B3V2099860PEM8CM9D6M1,01JV7B3T2RH21DVH98BCG8HEJ1,soundsuit-test,446,89,135,2025-08-14 08:13:44.972036 UTC,2025-10-17 16:43:12.266455 UTC
01K4YTRNZ7ZWW8SDQPGFZD77Q7,01K0BXHEP44QW6MAP80SN5R2J1,tryterrapin-test,446,127,229,2025-09-18 13:48:46.748923 UTC,2025-10-29 20:52:59.073176 UTC
01JP7J3S29AH5YAK0KA26P67J4,01JP116R4Z7RRXMP5ZH2ECZKM0,servertastic,441,161,217,2025-08-13 10:49:38.283781 UTC,2025-10-30 03:55:12.815687 UTC
01K4YTV26Z8PY837ZE9QE2R7SQ,01K0BXHEP44QW6MAP80SN5R2J1,tryterrapin-test,436,80,204,2025-09-12 11:29:50.868022 UTC,2025-10-29 10:43:35.406978 UTC
01J490CGAE0W8BY37SH8AWXNFR,01J3YPVSBZS0T1KAYCTPTVT2WV,poultrycare,428,234,256,2025-08-12 10:56:48.716164 UTC,2025-10-28 18:07:06.753501 UTC
01JRJHMEHDGS4QKAD8TGBM0QYS,01J7EDR7KCZ5HT1QCKKQ043EQN,stellationmedia,422,87,125,2025-08-15 02:47:07.050879 UTC,2025-10-30 00:50:42.646324 UTC
01J4H67E0NXR2CFZ4DF5ZT8XAR,01J3YPVSBZS0T1KAYCTPTVT2WV,poultrycare,412,215,273,2025-08-12 12:59:10.464935 UTC,2025-10-29 19:53:41.328133 UTC
01JTRCWBG1Y7KXVFAQKN7MW61B,01JJZDGBKNG3SBQQ8EXSYRT9S6,archipelago,410,176,231,2025-08-12 13:32:36.410318 UTC,2025-10-22 13:19:00.454576 UTC
01JKGGPSQHQ537DD8D7706Y7ZW,01JKGGPN07RM0JV96CZHERBHPY,blinkus,407,98,156,2025-08-12 15:01:55.985113 UTC,2025-10-29 18:24:58.454667 UTC
01JZTD1GCDSF2P2R6SGY8FD2CA,01JZTD1CXDBZQC7WBM8JEJX76Q,meisterwerk-app,403,27,108,2025-08-12 10:28:38.972043 UTC,2025-10-29 15:03:47.622133 UTC
01JM26YZQPNCY95VZVKAQGDE0N,01JKTTW6XTX5VH54XGNMYKD7XW,therapybrands-dev-test,403,16,55,2025-08-13 08:03:44.694110 UTC,2025-10-17 06:48:43.088815 UTC
01HA8SP632E55BXDKA02GNHSZH,01H7PN2JGEND1YGQTFR1MNB01B,byteteck,393,266,312,2025-08-14 16:47:35.804405 UTC,2025-10-28 11:38:55.440423 UTC
01JP12WTZTCY7JB19P29AH3SBH,01JP116R4Z7RRXMP5ZH2ECZKM0,servertastic,391,95,153,2025-08-12 11:04:21.193472 UTC,2025-10-29 21:04:41.985254 UTC
01K7P6EN1ZASANTYMEYW7WY5YJ,01K71J9W9RW0THGY5E90GSH62X,rankbee,386,7,16,2025-10-16 17:42:35.182630 UTC,2025-10-30 01:49:59.540088 UTC
01K2KS8ZJMG7XECHNNXH0V46HR,01K2KS8YMAF5EXK3ERD3Y0XHBR,deliqt-test,381,28,109,2025-08-14 07:57:49.236653 UTC,2025-10-13 06:36:59.406158 UTC
01JGG3THT4EDDKFXX7B7BBDZTQ,01JFQFMJA68DC6C9PVNX5EVHXY,pavilion,378,230,264,2025-08-18 06:25:41.319668 UTC,2025-10-27 16:45:11.794752 UTC
01K2YSJ4WW5QTPFQDXDQ0N01X0,01JKGHPMC3KGY69DTW5M2TWPVF,hearst-e2etesting,374,53,135,2025-08-19 14:34:17.645230 UTC,2025-09-22 14:03:07.576358 UTC
01K5Y9HE9RP0P97J8J1T41RR4J,01K5Y9HCRX4F93Q0E49BDY7CNV,nomad-internet,358,106,155,2025-09-30 13:24:37.159083 UTC,2025-10-09 19:02:17.798342 UTC
01HH2HPGX4HHG32186F7NCF98E,01HH2HPFWAP3FRP25GQ57HRXJG,registrygolf,355,162,178,2025-08-12 15:03:06.540031 UTC,2025-10-29 18:23:58.045278 UTC
01JN3D3EMP47DFSDS7QZ09DD30,01JN3D3BJRVXB9T5BZH6TW2GQP,dswiss-test,354,55,119,2025-08-13 11:51:22.407552 UTC,2025-10-28 15:30:14.796496 UTC
01JWSGZVW19XCQD159QYDS7ATX,01JRDZJG434W3R9H4HF46RRKJ8,characltd,354,169,219,2025-08-12 12:14:13.996514 UTC,2025-10-29 14:42:23.234727 UTC
01HZ1NJFGX5QR81413DEE0DFWQ,01H7PN2JGEND1YGQTFR1MNB01B,byteteck,348,201,251,2025-08-12 13:18:35.748346 UTC,2025-10-28 11:38:54.860537 UTC
01J5TH5VJ09NFZ8EJ9VMN7GCJA,01J30MMV6A15XCX4FN6NCPKT42,lendingwise,340,119,242,2025-08-12 13:44:09.462433 UTC,2025-10-30 02:31:47.899536 UTC
01JXDW98Q7DBHQ75NNJ74BAYH4,01JFQFMJA68DC6C9PVNX5EVHXY,pavilion,339,118,132,2025-08-12 11:59:06.645277 UTC,2025-10-28 06:40:08.383821 UTC
01K63BTXV6P9SDDQ4PDD8R4QEA,01K63BTVPQTWD7P0S1VAK3N25E,lcdp-azul-test,334,3,41,2025-09-29 07:54:22.278073 UTC,2025-10-24 09:02:09.664576 UTC
01JXFR0GM9XKTJ8585YEGY2D9J,01JFQFMJA68DC6C9PVNX5EVHXY,pavilion,321,110,121,2025-08-13 18:19:01.129499 UTC,2025-10-29 16:13:23.845232 UTC
01J73VDG99AVDVBS0927EAPFDV,01J73VDF50R6YQFZACP06JJXF8,futsalta,321,58,96,2025-08-15 21:17:38.383080 UTC,2025-10-12 23:44:42.943383 UTC
01HC86H6VW6B5A6PVD35QNW27R,01HC86H67S6ARXBQXGVE9T5PS7,squideyes-test,317,274,282,2025-08-12 12:04:15.410736 UTC,2025-10-30 07:31:05.637569 UTC
01JJRMHPNJ8V97QF508J2GXF43,01JJRMHMRZRKQ1PFXDHR3SCDVG,beemsterschagen,315,14,116,2025-08-12 10:26:23.807616 UTC,2025-10-29 12:42:59.385582 UTC
01JY5YVZWCTA7VN56325Q3A0KK,01JDV908T2AS6TNS6F8TGQX8ZV,wizfreight,313,36,111,2025-08-12 11:06:23.028441 UTC,2025-10-29 11:02:14.211987 UTC
01K6ZHH3MNHJJC30HXDZH2TXD3,01K6ZHH28683WZ4X48D7TP52FX,safeshiftinc,309,63,125,2025-10-07 16:43:42.392512 UTC,2025-10-29 19:27:34.484355 UTC
01HSHH9NG1H5J9WYEYCJ82WJRM,01HGWR6J6WPKX19ST3FB2KKXBX,guesttouchinc-test,307,236,257,2025-08-12 20:37:13.545028 UTC,2025-10-30 07:59:29.439385 UTC
01J4K68MC9DTRE1SVS8MRJKGPC,01J3YPVSBZS0T1KAYCTPTVT2WV,poultrycare,302,228,239,2025-08-12 17:14:28.932435 UTC,2025-10-30 03:55:53.085095 UTC
01JD7FX2QNCG9MVKGA5XAQFBX1,01JD7FX1JDK5KD9ZMN6HD84TSK,esteps,297,178,206,2025-08-13 14:17:10.986188 UTC,2025-10-30 00:29:57.802483 UTC
01HS9VX32K0FH42S11F0AAC9ZP,01HS9V9TQGMZ21APCKA490RRQ6,sync-link,296,191,193,2025-08-12 21:29:53.667612 UTC,2025-10-29 18:57:46.581441 UTC
01JGP3020GY7K8N8T5YXFV1G8J,01JGNW8RE4SCH1SEX8G9HD3327,thesystemaus,295,221,253,2025-08-12 12:21:06.747484 UTC,2025-10-30 08:36:07.570987 UTC
01K7XMQA4M2R91Z980PA94WJAC,01GW6RPS058DYDCKR3R96D80VH,readandspell,293,144,168,2025-10-19 07:35:17.809360 UTC,2025-10-30 08:52:12.891525 UTC
01K3GPRD1MC7WKPFB8PB6QM4KJ,01K35X0DXF3TMYARY9ZTBTNM9W,lcdp-test,291,11,30,2025-08-25 13:54:54.151537 UTC,2025-09-26 08:04:12.675704 UTC
01HHED1FRKS9G75C50QVMYSJ64,01HHED1ED4NDT0H444SJMEF2W7,studio-team-test,289,218,218,2025-08-14 09:34:02.831523 UTC,2025-10-17 14:51:16.998575 UTC
01JQNQ1DP0D9PPMREGSPSB3WW2,01JKX827HSXMAGH5X0GG9VPS1Z,pipelean-ai,289,61,98,2025-09-04 18:32:15.834192 UTC,2025-10-30 08:50:21.622028 UTC
01JMD3JKHEBMVG1YAEAPTGRPTB,01J73HKDQEFX1VT1EW1YMTXZEF,edarling,285,106,194,2025-08-12 10:42:37.125738 UTC,2025-10-30 07:59:23.447405 UTC
01JK06MPVAQ7VGMD06VRSAAW90,01J30MMV6A15XCX4FN6NCPKT42,lendingwise,282,5,93,2025-08-12 14:30:04.022022 UTC,2025-10-29 16:35:53.420260 UTC
01K811VW6Q8FRNE826NZW5G1ET,01K811NJQQ7AAXF1GDS8FRRQ19,optoutshield,281,7,25,2025-10-20 19:36:53.643893 UTC,2025-10-29 23:31:06.452340 UTC
01JWSGH1H0G6S4S9H6GXMXCM65,01JRDZJG434W3R9H4HF46RRKJ8,characltd,279,147,160,2025-08-12 11:14:34.682299 UTC,2025-10-30 02:52:15.096057 UTC
01J9C31C8XQPWQ5TN65RE47MVX,01J9C31BCEENNQDCMWNXA44HMZ,neto,274,165,185,2025-08-12 13:17:25.394938 UTC,2025-10-29 17:31:53.591007 UTC
01K7Y3RP1S262P6BSS9NAYR93T,01GW6RPS058DYDCKR3R96D80VH,readandspell,273,190,206,2025-10-19 11:32:50.289148 UTC,2025-10-30 02:48:19.877496 UTC
01K08VV6G5FXAT6EM1MG491YBS,01JZ2PXAF50RCQAP14PJXY8RYZ,corporategive,273,46,84,2025-08-13 04:21:32.402558 UTC,2025-10-29 01:37:33.843603 UTC
01J4K1EWWANCYBE0DX95PF7Y36,01J3YPVSBZS0T1KAYCTPTVT2WV,poultrycare,271,204,201,2025-08-12 13:08:43.089755 UTC,2025-10-29 06:16:49.277876 UTC
01K33A92PGCVHJC782TEYRDQR6,01K33A91SW0J2S51R16ZF0Z0M1,draup-test,265,11,114,2025-08-20 08:46:24.657391 UTC,2025-10-30 08:51:51.191423 UTC
01HVTYRPEMJ7N7MCV06775ZB4Z,01HVKDM767RHAX7BD1E0JPMYW4,leguidenoir,262,182,183,2025-08-12 14:17:25.209166 UTC,2025-10-30 08:40:55.528058 UTC
01J6N3N70STS485222DX09J85W,01J6N3N65G09TT9QB5ECY8MPJ4,usegreenlightai,262,122,143,2025-08-12 16:53:23.430107 UTC,2025-10-29 17:32:32.940831 UTC
01K6F29ETXXJZH5MZNYJXVS51W,01K6F29E1DE73ZEKRZ2XMK7ZR3,streamworkstech-test,259,18,31,2025-10-01 05:08:49.967869 UTC,2025-10-27 01:52:29.183013 UTC
01K58ZX93B27XVE1RGYYJZ6HPW,01JRAK0P66MGVEXADQ1A8QJ2AF,liana-test,255,10,21,2025-09-16 10:48:58.596052 UTC,2025-10-22 05:48:32.472262 UTC
01JQ37CXK8PM6774HN9EABF0SK,01JQ37CWQF1GC0QM6KMGAAXA0T,lamaisonducroffle,253,201,206,2025-08-12 16:48:11.768880 UTC,2025-10-28 04:48:49.853172 UTC
01JT92Q9JWTBT8VRT2Z7485W7C,01JT6FHPGEKCC5JZCE8SS1R0C3,matchmaking,251,37,145,2025-08-12 14:59:13.457836 UTC,2025-10-28 21:05:03.818503 UTC
01H8ZK666SWX5S3HW3R3R1JKWW,01H7PN2JGEND1YGQTFR1MNB01B,byteteck,249,144,181,2025-08-14 23:16:35.047109 UTC,2025-10-29 17:31:16.464100 UTC
01JY1XCQGYXX2BVHNHZX78P54A,01JVW15X8WHPN2JGDATQH8D2F1,scan2form,248,52,95,2025-08-12 19:11:02.309173 UTC,2025-10-29 17:01:22.390750 UTC
01JYM5HJN6CRJQPJ71Z2MXR4FK,01J73HNSXN7GNC199VDB591D8N,edarling-test,247,46,99,2025-08-18 09:24:19.711341 UTC,2025-10-27 08:56:49.891030 UTC
01JXXVQP4WJFSN0F8QMA1Y710J,01JGNW8RE4SCH1SEX8G9HD3327,thesystemaus,245,86,59,2025-08-13 06:01:33.018748 UTC,2025-10-30 07:51:34.669143 UTC
01J4KHPP5N0R7H11DEAKM266M6,01J3YPVSBZS0T1KAYCTPTVT2WV,poultrycare,237,171,180,2025-08-12 12:56:46.483859 UTC,2025-10-30 04:30:18.443079 UTC
01K6G6MVYK0QS2T44JDS6PPP58,01K6G6MV5GKWNF16NRDQ97WRHQ,ziffpay,232,30,47,2025-10-01 17:10:38.441415 UTC,2025-10-28 20:48:26.162333 UTC
01JVQH3489HBP2J953R3VFF9J0,01JRDZJG434W3R9H4HF46RRKJ8,characltd,232,113,139,2025-08-20 15:32:24.027534 UTC,2025-10-29 19:08:30.858889 UTC
01K173GD8VDZPWRKZ0R9ZC0GKE,01J6AV850QEVPJX44ST3A2M01K,startmateau,232,101,126,2025-08-13 00:36:24.299371 UTC,2025-10-30 03:56:55.255314 UTC
01K1ZY9BP7MMGX2QPMR4N8M9RA,01JQ46MFYCNPBA84HGXQPGSWGH,hearst,226,168,196,2025-08-19 22:09:12.601590 UTC,2025-10-29 19:12:39.643751 UTC
01JQ4H6KQMKW024FRNJC2ECRRE,01JP116R4Z7RRXMP5ZH2ECZKM0,servertastic,214,69,102,2025-08-14 08:14:15.453618 UTC,2025-10-29 21:48:25.085759 UTC
01J21R0HDS3GE2MYZWXW08ENVD,01J21QYZCF4XBZ9A16DTEMEDXE,honeypotmarketing,210,167,183,2025-08-12 10:30:17.041358 UTC,2025-10-30 04:17:36.902227 UTC
01JGNQZXB2KMK95VE5F964CFJQ,01JA7CTKR153HFDDBP4RJW3RHF,getorganaise,202,32,84,2025-08-14 07:20:44.214477 UTC,2025-09-30 07:46:16.309182 UTC
01J4PANXSQRV7GNZT03MJRGFV4,01J3YPVSBZS0T1KAYCTPTVT2WV,poultrycare,202,116,120,2025-08-12 14:24:16.982412 UTC,2025-10-30 08:32:42.726308 UTC
01JQ6873NYKWBGW4GPXK8MC7VW,01JQ6872A2WF5B81M2FS9Y8ZSW,littlegreenbutton,200,21,79,2025-09-02 08:39:56.665891 UTC,2025-10-24 13:08:31.222313 UTC
01J97KWEYT4RDW5NTKC010CQ13,01J59YKE08XAX463DMGASA1PNZ,limespot,189,61,96,2025-08-16 16:12:40.399170 UTC,2025-10-29 09:32:26.150293 UTC
01JWSD8ANWE877AP5AV2RM5SE3,01JRDZJG434W3R9H4HF46RRKJ8,characltd,188,87,116,2025-08-12 10:20:55.769893 UTC,2025-10-29 13:02:18.996760 UTC
01JQCET4VTA08G7TAYWN1EBV5Z,01JQCET3RWFZKH5ZCAV11SMSMX,bombbomb-test,187,25,44,2025-08-13 19:50:41.824490 UTC,2025-09-22 20:47:27.943862 UTC
01HS7555K47PFRBHP19B9XGSZV,01HS23JS2SZYZ15XYFTPXKCG1J,polygonresearch,183,72,120,2025-08-12 15:07:42.674655 UTC,2025-10-28 23:21:44.724492 UTC
01K73Y4RQMAQ2YMMW1R8CCFKYA,01J7G5NCJBVSTSBEBKDAHN03PA,test3019-test,183,11,57,2025-10-09 07:32:39.664395 UTC,2025-10-28 04:38:19.440850 UTC
01JGE1B1ZVHYNQK7EGF9S4J0HF,01JGE1AZ6SRGDK1PK2A2B5XNY7,bdate-test,180,20,21,2025-08-13 07:15:17.986302 UTC,2025-09-02 11:18:14.400940 UTC
01K06PPP1FFVDBD0H45KC3NE1S,01K06PPJTJ2BGZC43QX160QSTS,petetong-dj-academy,180,90,117,2025-08-12 15:36:51.305100 UTC,2025-10-28 16:01:46.991038 UTC
01JTHCZXZFF0PCZA8NY1DHKB1W,01JT6FHPGEKCC5JZCE8SS1R0C3,matchmaking,178,20,91,2025-08-13 01:25:02.246051 UTC,2025-10-23 21:54:23.521693 UTC
01J8HWKNGE6SA7QE2EGYHAN6ZS,01GW6RPS058DYDCKR3R96D80VH,readandspell,177,40,52,2025-08-12 13:15:52.024040 UTC,2025-10-28 14:47:57.750991 UTC
01JWV326Y6JS73CMMJ0QYJ8PZE,01JWV325CF1KCZZAJTBA28867M,liftgiving,176,152,150,2025-08-12 19:46:42.600625 UTC,2025-10-29 19:56:13.678332 UTC
01JT937Y5KBZVZ3P7H83M09R83,01JT6FHPGEKCC5JZCE8SS1R0C3,matchmaking,173,27,107,2025-08-12 20:26:29.441082 UTC,2025-10-26 19:31:48.819472 UTC
01K5F0TJQSK1G2N09285C6G8M5,01K2Z31J9H60FMSH92QXMHVPSR,hearst-e2etesting,172,7,22,2025-09-18 18:20:18.839641 UTC,2025-10-09 11:40:34.799699 UTC
01JT91R05CT101GKBJQEMNCBVS,01JT6FHPGEKCC5JZCE8SS1R0C3,matchmaking,172,23,102,2025-08-12 21:56:03.335537 UTC,2025-10-25 01:04:30.742054 UTC
01JVAH393W030H0Q9M1S8EN49H,01JV599RBM53V14AR8CKSS6F5E,travelindustrysolutions,170,45,55,2025-08-14 18:26:08.978513 UTC,2025-10-27 20:59:51.862814 UTC
01K2JHNRGBDSSKN9FGGRTZAW42,01JQ46MFYCNPBA84HGXQPGSWGH,hearst,169,34,100,2025-08-13 20:51:36.585776 UTC,2025-10-03 18:48:21.454605 UTC
01K2YK6M8YP2107EJFMTGMM45E,01K2YK6K2JN2GJFSY33N4Q4ZV9,authorify-test,169,5,18,2025-08-19 14:02:50.451596 UTC,2025-10-29 14:27:21.416141 UTC
01K71JP792DTK514RKVSMCN4FF,01K71J9W9RW0THGY5E90GSH62X,rankbee,168,11,22,2025-10-08 15:16:38.356208 UTC,2025-10-17 19:20:19.027948 UTC
01JXZEK77AA003WAHXB6NJ0Y3N,01JT6FHPGEKCC5JZCE8SS1R0C3,matchmaking,165,23,106,2025-08-12 12:16:46.699960 UTC,2025-10-25 01:01:31.146480 UTC
01K3V2NVYR8CZF449JY5ZV3P45,01JFQFMJA68DC6C9PVNX5EVHXY,pavilion,165,59,69,2025-08-29 16:12:47.444017 UTC,2025-10-28 17:04:50.681748 UTC
01K6MM7THQ7XJY0BNDHMP7MZVD,01J73HNSXN7GNC199VDB591D8N,edarling-test,164,28,38,2025-10-03 08:57:19.224686 UTC,2025-10-27 09:40:09.424795 UTC
01HDJH01RW0E4GR62Z5RKR5WCY,01HDJH01271MHSXG9VQGRKSPDC,baremilk,164,111,112,2025-08-13 19:26:56.987334 UTC,2025-10-30 02:30:18.454811 UTC
01JP1FHRH6EG1W3EE0Z2PZY6SY,01J73VDF50R6YQFZACP06JJXF8,futsalta,160,37,56,2025-08-13 11:00:38.703930 UTC,2025-10-25 02:32:36.515032 UTC
01J1C6FKPRSH97VKSTTV22P071,01J14Q780TR1MPV7TZY5NMZ6CV,portier,159,70,102,2025-08-14 00:57:26.893037 UTC,2025-09-16 23:09:21.748916 UTC
01K4A5S48MWNXWZVTWQ5YCD1BQ,01K4A5S37W7VCPQ3WB7K4AQR80,descon-test,158,11,26,2025-09-04 10:56:04.471709 UTC,2025-10-15 09:21:41.369570 UTC
01K1YWF2FA8AGZNTW6RCS78F6Q,01K1YWF1TQB05HFNMNF8NNMSJ6,deliqt-test,155,4,18,2025-08-13 05:51:48.774590 UTC,2025-08-19 19:04:12.893140 UTC
01K32D4TEJSF0PMTJR6V1GBY9B,01K32D4QWRW8NFP7G4GFSPB18A,portier,148,108,123,2025-08-20 01:19:35.330562 UTC,2025-10-29 15:20:17.717264 UTC
01JZQW33BHXMKMP2S1QE6K18K0,01JRDZJG434W3R9H4HF46RRKJ8,characltd,147,51,99,2025-08-12 10:22:26.643127 UTC,2025-10-13 17:20:46.338751 UTC
01JGP31K2TDDPP3AWXTSAMG5MA,01JGNW8RE4SCH1SEX8G9HD3327,thesystemaus,147,71,91,2025-08-12 22:19:01.993685 UTC,2025-10-29 06:08:24.086849 UTC
01H809ANSBRCN8CJ2E29RHJ14T,01H809AMSM4246ER30HE7Z9BV2,seomole,146,135,134,2025-08-12 23:31:20.038934 UTC,2025-10-29 17:55:07.804032 UTC
01K7M9NYRPZACPKFVXBS8NHK2M,01K7M9NVX07S9ZW9QXDG8BBX06,lcdp-amarillo-test,145,1,13,2025-10-15 16:06:17.032331 UTC,2025-10-29 12:08:05.095353 UTC
01HYD3SWVD9H9WS0Y45821QYE7,01HT7BXAWQ9A549JRDVPQXFK5Z,guesttouchinc,144,95,124,2025-08-13 07:52:55.915800 UTC,2025-10-30 03:47:19.316798 UTC
01J89TASBDHTK9AAKBE3NPY934,01J89TAR4F6QG9A6CE945Q7W3Z,mextconsulting,142,10,43,2025-08-12 16:13:22.150745 UTC,2025-10-29 07:16:11.916475 UTC
01K4X8XRYPPAQKRS19WX2A50N8,01K4X8XQZPA8YEPWVYVT8VA4KQ,gobeyondthebedside-test,142,24,31,2025-09-11 21:02:34.378515 UTC,2025-10-29 02:26:14.168841 UTC
01K3GGZ15YZ7GV82M841X7PTG4,01JRG2WFCNH19KZK69GJ4AKSHD,cirasync-test,142,13,14,2025-08-25 12:02:30.570854 UTC,2025-10-27 09:19:31.211434 UTC
01H876VD9KXX9M3YXQZ278M5EN,01H7PN2JGEND1YGQTFR1MNB01B,byteteck,141,114,130,2025-08-14 23:16:13.848407 UTC,2025-10-28 11:38:56.293885 UTC
01K6FSM6K6P7T0VGQS9PXDKEBT,01K5Y9HCRX4F93Q0E49BDY7CNV,nomad-internet,141,8,9,2025-10-01 12:00:50.128082 UTC,2025-10-01 19:16:27.364100 UTC
01JVAJ076CXXFEXXPGBKPWCAAX,01JKGHPMC3KGY69DTW5M2TWPVF,hearst-e2etesting,140,35,52,2025-08-13 07:57:48.453292 UTC,2025-09-17 22:45:58.506768 UTC
01K6MMT7S2BD4Q9DYDA1S43NVB,01J73HNSXN7GNC199VDB591D8N,edarling-test,137,38,44,2025-10-03 09:02:26.612079 UTC,2025-10-28 15:53:22.916455 UTC
01K80X39D9MBG9A98J29M28D6P,01JN3D3BJRVXB9T5BZH6TW2GQP,dswiss-test,137,3,18,2025-10-24 09:07:56.497478 UTC,2025-10-29 16:20:42.964454 UTC
01K4NGM5E0Q1MPX81BN7JP06QW,01K4NGM26R1TXPPHRHM0BHYTFT,intiveo,136,9,23,2025-09-09 19:09:45.637582 UTC,2025-09-26 16:44:03.516626 UTC
01JHQCQTVYASPRPJGK5B7TXB3N,01J73HKDQEFX1VT1EW1YMTXZEF,edarling,135,83,109,2025-08-12 13:42:18.572848 UTC,2025-10-23 16:12:42.130539 UTC
01K83NYKBAYHFVDQCZJ87SJK18,01K83NGE3NMG8FS9ZM4975FGNG,liana-test,134,1,1,2025-10-22 05:49:34.226306 UTC,2025-10-22 05:50:31.390268 UTC
01K8BW6NG25ET57A32BBJQN8MP,01JS26BG6VXCBST8M16DWBNYCK,authorify-test,134,24,48,2025-10-25 15:33:09.281950 UTC,2025-10-28 18:42:12.765442 UTC
01J2YV5PBNB0EP8W8Q9PSYHFRY,01J2REB7ZJTR73Z0BMZ2KTHGEA,clim,133,128,127,2025-08-12 17:44:16.436981 UTC,2025-10-30 02:53:12.200842 UTC
01K6J76R0G59DR3W2J839YH09P,01JN3D3BJRVXB9T5BZH6TW2GQP,dswiss-test,133,3,18,2025-10-24 09:07:56.492980 UTC,2025-10-29 16:20:42.966854 UTC
01HDJG2ZYQGAWH27G2HA5P2Q0V,01HDJG2Z17P8XRTE96QV2NQFWW,statused,133,76,82,2025-08-12 12:29:41.440523 UTC,2025-10-30 08:26:43.554962 UTC
01K60FPSHM4NTW0JXAH87WHDF6,01JRFPTPP6NA03N2EH34V9HW0T,leafwell-test,132,17,36,2025-09-25 13:08:42.859915 UTC,2025-10-29 08:50:03.048308 UTC
01JPW4N2G850CWHG4PR7FAJAJH,01JPW4MZG7FPTJB3RYMZM3MCXK,fourpees,131,9,22,2025-08-21 09:56:27.634248 UTC,2025-09-27 14:06:15.596287 UTC
01K4SDMFWYHYQAPPZTWVHCPPQS,01K4SDMEEQC5X01ZRJ4GFFZJ2D,customerlabs-test,129,4,44,2025-09-10 10:01:03.771940 UTC,2025-10-30 07:47:24.444974 UTC
01K6Z48T1XGR9NYZGDTE0VKXCC,01K6Z48PRX26R4Y2Z95ASHZ8VQ,hearst-e2etesting,129,7,12,2025-10-09 11:38:11.087025 UTC,2025-10-17 15:18:41.204769 UTC
01JCAA03G33VSD5KX22F2M047G,01H7PN2JGEND1YGQTFR1MNB01B,byteteck,128,106,114,2025-08-13 22:41:11.757134 UTC,2025-10-29 01:49:45.314703 UTC
01JA6CMVSM4EEY89EQ6Y9SG2C6,01J368W2F7MSPH9KDZ94AWBZJB,marketauthentic,126,51,64,2025-08-13 12:25:23.966296 UTC,2025-10-30 05:18:52.135631 UTC
01JCN4FTZXWVQMMZ8KPYBTNDQA,01HVRHYYJXJZQTR43A5A5BQSA2,futureplc-test,124,11,44,2025-08-19 10:29:28.410452 UTC,2025-10-11 17:17:16.329339 UTC
01JVYEXVEX71C9F6PPQRK8RXY2,01JQ47KEX1GX3VBZ5KW62MFE4M,titan-mind,124,16,35,2025-08-19 14:53:22.120707 UTC,2025-10-18 04:38:47.284179 UTC
01K6HTA6KDAFEZRPVQS6BG6F4J,01K6HTA5Y2HZ8V9N1312D91TB4,hubstripe-test,120,4,9,2025-10-02 06:53:04.665609 UTC,2025-10-09 11:20:25.784436 UTC
01K223VWDSJ774PVP4GAS2ZZ6J,01J30MMV6A15XCX4FN6NCPKT42,lendingwise,120,2,35,2025-08-12 14:35:27.935097 UTC,2025-10-29 20:58:49.813002 UTC
01JR9QH0BKWM3CKC58MWYZJNQ9,01JQJQ796WHPF8JMFVZKH38ET7,numerikau-test,118,13,20,2025-08-20 13:30:11.127764 UTC,2025-10-30 04:01:46.013919 UTC
01K1JHNQQS3HN9QBY439ED1GAR,01K07A46SSFSX7QQ7KRAX7H7M8,fpdigital-eu-test,117,19,21,2025-09-03 10:36:05.769456 UTC,2025-10-23 11:04:30.738087 UTC
01K6AS46RQRE9GV1SPVXHW7MGH,01JSKYEZF9D06BSP9MKVCAF7FE,leafwell,117,46,70,2025-09-29 14:06:07.320958 UTC,2025-10-30 04:29:26.702292 UTC
01JMMH2PD1WD4B8VA15KNYHJAJ,01JKTTW6XTX5VH54XGNMYKD7XW,therapybrands-dev-test,117,6,28,2025-08-13 11:46:26.637913 UTC,2025-09-25 12:12:46.634654 UTC
01JBEN0GH30X2T46ARG7AFAHNT,01HVKDM767RHAX7BD1E0JPMYW4,leguidenoir,115,30,43,2025-08-12 15:14:24.732379 UTC,2025-10-25 18:21:12.415122 UTC
01JTRSW9WXCAVWV3HGGQY9SWQY,01JTRSW825Z07J37CKDZ3MF16F,nivoda-subscriptions-test,114,11,40,2025-08-13 08:13:21.685211 UTC,2025-10-28 07:53:56.379750 UTC
01JRJQSE7YVK02137PYEJPDPGM,01JP116R4Z7RRXMP5ZH2ECZKM0,servertastic,113,21,22,2025-08-16 10:16:58.337622 UTC,2025-10-28 13:52:25.302240 UTC
01J9B7BJDKYNS3S7JF5G4YDMF5,01J9B7BH8A1NNXR7P09EKXECBC,thegrind-app-test,112,6,24,2025-08-13 02:11:53.710066 UTC,2025-10-18 16:45:09.305508 UTC
01HNE4JYTZ92ZMMHYMHRYKZKRX,01HNE4JXVQCZKBHB1FJVX5JKBZ,reasondetre,112,65,76,2025-08-12 16:27:15.913047 UTC,2025-10-30 04:52:44.942658 UTC
01HFCSGN2CX87EBKG349EPC25M,01HEJJGJGHG1WW64GK7FG5BJB7,boss-insights,112,93,94,2025-08-13 09:02:54.796426 UTC,2025-10-30 06:33:21.013565 UTC
01JXFGG3SZHAZ7ZBZ42843R05G,01JXFGG16Q8GWBPW1BBVH9NJ2A,toursolver-test,112,13,22,2025-08-14 14:26:02.305378 UTC,2025-10-15 13:15:34.442066 UTC
01JCADTCC2C9K1EAQ5QJMKD4EH,01H7PN2JGEND1YGQTFR1MNB01B,byteteck,110,98,103,2025-08-14 23:16:52.678983 UTC,2025-10-28 11:38:54.401902 UTC
01K42T3RWEJ0EDDMZ4ABKWCS71,01K3W5Z98TJ3SE9HGZR9679KH2,grupoam,110,4,8,2025-09-01 15:50:47.646361 UTC,2025-10-24 15:12:31.283215 UTC
01JV7BQVTXQ6NJYDTSTTZQ60CR,01JPT96555CENYTEWXMGD7YQ3N,nwg-charging-gmbh,110,19,34,2025-08-18 11:32:17.544020 UTC,2025-10-30 08:42:48.767100 UTC
01HB05KCRFDYTYXFZ7PQ64RQKA,01HB05KC2B2PMGGPQAASG0YCBN,chatswithjuliet,109,105,105,2025-08-12 18:23:11.668953 UTC,2025-10-28 19:05:04.550090 UTC
01K39G6PBC418GXQPR911MMG54,01K39G6NJD7K3TPMGCKGHTBMRA,saastrek-test,109,5,28,2025-08-22 18:34:05.712878 UTC,2025-10-23 04:24:26.497127 UTC
01JTB14H2BCYW0KBHE0JB8CX90,01JP116R4Z7RRXMP5ZH2ECZKM0,servertastic,108,29,38,2025-08-16 17:57:07.042764 UTC,2025-10-30 08:08:20.818261 UTC
01K7PS9VE26N9JMG0N4GKYP66M,01K7PS9ST3EXY1SQF2BXZ6BX4B,munamediagroup,104,26,41,2025-10-16 15:56:13.618431 UTC,2025-10-29 12:59:30.181650 UTC
01JJD98905VVWEJ0K2MN66WY39,01J30MMV6A15XCX4FN6NCPKT42,lendingwise,103,34,37,2025-08-14 06:32:21.812669 UTC,2025-10-29 19:58:38.503390 UTC
01JKTZESKF462AJKKHV05M3262,01JKTTW6XTX5VH54XGNMYKD7XW,therapybrands-dev-test,102,3,17,2025-08-14 14:34:48.029484 UTC,2025-10-13 22:12:31.187353 UTC
01JCANQNW6GEXZ636YD1WS8BN8,01JCANQFYTJJZ5S26VK0CYFPKN,chervis,101,101,100,2025-08-12 17:00:03.923323 UTC,2025-10-29 17:28:21.622736 UTC
01JCAT05BA6FZA3TTF32HZWKHT,01JCANQFYTJJZ5S26VK0CYFPKN,chervis,101,100,99,2025-08-12 17:00:03.841468 UTC,2025-10-29 17:28:21.756611 UTC
01K1JH5W6D746HH9GBWM4F6QN1,01K07A46SSFSX7QQ7KRAX7H7M8,fpdigital-eu-test,101,17,35,2025-09-10 09:26:29.025761 UTC,2025-10-21 13:18:26.486057 UTC
01K4YTKRCKPQWX3EV8CYYE80D6,01K0BXHEP44QW6MAP80SN5R2J1,tryterrapin-test,101,18,51,2025-09-21 17:12:40.617635 UTC,2025-10-28 10:03:08.550893 UTC